allele,frequency
B*07:02,0.131
B*07:03,0.00002
B*07:04,0.00029
B*07:05,0.00297
B*07:07,0.00003
B*07:08,0
B*07:09,0.00006
B*07:10,0.00006
B*07:102,0
B*07:114,0
B*07:118,0
B*07:124,0
B*07:14,0.00003
B*07:15,0.00001
B*07:16,0
B*07:18,0
B*07:19,0
B*07:20,0
B*07:21,0
B*07:22,0.00001
B*07:23,0
B*07:24,0
B*07:26,0
B*07:29,0
B*07:31,0
B*07:33,0
B*07:36,0
B*07:37,0.00001
B*07:38,0
B*07:42,0.00001
B*07:46,0
B*07:53,0
B*07:55,0
B*07:64,0
B*07:70,0
B*07:75,0
B*07:86,0
B*07:92,0
B*07:95,0
B*07:96,0
B*08:01,0.114
B*08:02,0
B*08:03,0
B*08:04,0.00001
B*08:05,0
B*08:07,0
B*08:09,0.00008
B*08:10,0
B*08:11,0
B*08:12,0.00001
B*08:13,0.00002
B*08:14,0
B*08:18,0.00001
B*08:20,0.00001
B*08:21,0
B*08:23,0
B*08:24,0
B*08:25,0
B*08:26,0
B*08:27,0
B*08:28,0
B*08:31,0
B*08:33,0
B*08:34,0
B*08:35,0
B*08:41,0
B*08:52,0
B*08:56,0
B*08:66,0
B*13:01,0.0001
B*13:02,0.024
B*13:03,0
B*13:04,0
B*13:09,0
B*13:10,0
B*13:16,0
B*13:32,0
B*13:34,0
B*14:01,0.01
B*14:02,0.029
B*14:03,0.00001
B*14:06,0.00002
B*14:08,0
B*15:01,0.061
B*15:02,0.00004
B*15:03,0.00137
B*15:04,0.00001
B*15:05,0
B*15:06,0
B*15:07,0.00064
B*15:08,0.00011
B*15:09,0.00022
B*15:10,0.00038
B*15:107,0
B*15:108,0
B*15:11,0.00001
B*15:113,0
B*15:12,0
B*15:123,0
B*15:125,0
B*15:13,0
B*15:132,0.00002
B*15:135,0
B*15:14,0
B*15:145,0
B*15:147,0
B*15:15,0.00001
B*15:150,0.00005
B*15:153,0
B*15:154,0
B*15:157,0
B*15:16,0.00057
B*15:164,0
B*15:17,0.00363
B*15:18,0.00259
B*15:20,0
B*15:21,0
B*15:211,0
B*15:23,0.00004
B*15:24,0.0004
B*15:25,0.00001
B*15:27,0
B*15:29,0.00002
B*15:30,0.00001
B*15:31,0.00002
B*15:32,0
B*15:33,0.00001
B*15:34,0.00002
B*15:35,0.00002
B*15:37,0
B*15:38,0
B*15:39,0.00009
B*15:40,0
B*15:42,0
B*15:43,0
B*15:45,0.00004
B*15:48,0
B*15:50,0
B*15:51,0
B*15:53,0
B*15:56,0
B*15:58,0
B*15:63,0
B*15:65,0.00001
B*15:69,0
B*15:70,0
B*15:71,0.00001
B*15:73,0.00002
B*15:76,0
B*15:78,0
B*15:79N,0
B*15:82,0.00001
B*15:92,0
B*15:93,0
B*15:98,0
B*18:01,0.044
B*18:02,0
B*18:03,0.00012
B*18:04,0.00003
B*18:05,0.00002
B*18:06,0
B*18:07,0.00001
B*18:08,0
B*18:09,0
B*18:10,0
B*18:11,0.00001
B*18:12,0.00001
B*18:13,0.00002
B*18:14,0.00002
B*18:18,0.00001
B*18:20,0.00001
B*18:25,0
B*18:29,0
B*18:30,0
B*18:31,0
B*18:33,0
B*18:34,0
B*18:36,0
B*18:37,0
B*18:40,0
B*18:44,0
B*18:54,0
B*27:01,0.00003
B*27:02,0.00393
B*27:03,0.00007
B*27:04,0.00001
B*27:05,0.037
B*27:06,0.00001
B*27:07,0.00034
B*27:08,0.00009
B*27:09,0.00006
B*27:10,0.00009
B*27:12,0.00007
B*27:14,0.00009
B*27:16,0
B*27:17,0
B*27:27,0
B*27:30,0
B*27:32,0
B*27:35,0
B*27:41,0
B*27:42,0
B*27:47,0
B*27:56,0
B*35:01,0.056
B*35:02,0.01
B*35:03,0.016
B*35:04,0.00002
B*35:05,0.00004
B*35:06,0.00001
B*35:08,0.00435
B*35:09,0
B*35:10,0.00001
B*35:109,0
B*35:11,0.00001
B*35:12,0.0001
B*35:136,0
B*35:14,0.00002
B*35:148,0
B*35:15,0
B*35:151,0
B*35:16,0
B*35:162,0
B*35:17,0.00006
B*35:20,0.00002
B*35:21,0
B*35:22,0
B*35:23,0
B*35:24,0
B*35:25,0
B*35:26,0
B*35:27,0.00005
B*35:28,0.00001
B*35:29,0.00001
B*35:30,0
B*35:31,0
B*35:32,0
B*35:33,0
B*35:34,0
B*35:37,0
B*35:38,0
B*35:41,0.00006
B*35:43,0.00004
B*35:45,0
B*35:47,0
B*35:49,0
B*35:55,0.00001
B*35:63,0
B*35:75,0
B*35:77,0
B*35:80,0
B*35:93,0
B*35:95,0
B*35:98,0
B*37:01,0.014
B*37:02,0.00001
B*37:03N,0
B*37:04,0.00001
B*37:05,0
B*37:06,0
B*37:07,0
B*37:10,0
B*37:19,0
B*38:01,0.021
B*38:02,0.00004
B*38:03,0
B*38:06,0
B*38:09,0.00002
B*38:14,0
B*39:01,0.011
B*39:02,0.00003
B*39:03,0.00005
B*39:04,0
B*39:05,0.00014
B*39:06,0.00635
B*39:08,0.00001
B*39:09,0.00001
B*39:10,0.00007
B*39:11,0.00001
B*39:12,0
B*39:13,0
B*39:14,0
B*39:15,0
B*39:19,0
B*39:20,0
B*39:24,0.0003
B*39:26,0
B*39:29,0
B*39:31,0.00007
B*39:33,0
B*39:35,0
B*39:54,0
B*40:01,0.053
B*40:02,0.013
B*40:03,0
B*40:04,0.00002
B*40:05,0.00004
B*40:06,0.00032
B*40:07,0
B*40:08,0.00003
B*40:10,0
B*40:11,0.00001
B*40:113,0
B*40:114,0
B*40:12,0
B*40:121,0
B*40:126,0.00001
B*40:130,0
B*40:135,0
B*40:14,0.00001
B*40:140,0
B*40:16,0
B*40:19,0
B*40:20,0
B*40:27,0.00001
B*40:30,0
B*40:31,0
B*40:32,0.00001
B*40:33,0.00001
B*40:34,0
B*40:36,0
B*40:38,0
B*40:42,0
B*40:43,0
B*40:46,0
B*40:59,0
B*40:60,0
B*40:64,0
B*40:65,0
B*40:67,0
B*40:79,0
B*40:80,0
B*40:87,0
B*40:89,0
B*40:94,0
B*41:01,0.00428
B*41:02,0.00496
B*41:03,0
B*41:05,0
B*41:15,0
B*41:16,0
B*42:01,0.00028
B*42:02,0.00013
B*42:05,0.00001
B*44:02,0.095
B*44:03,0.047
B*44:04,0.0006
B*44:05,0.00286
B*44:06,0.00004
B*44:08,0.00003
B*44:09,0.00006
B*44:10,0.00001
B*44:108N,0
B*44:11,0
B*44:111,0
B*44:114,0
B*44:12,0
B*44:120,0
B*44:13,0
B*44:17,0.00001
B*44:18,0
B*44:20,0.00001
B*44:21,0.00001
B*44:22,0
B*44:23N,0
B*44:24,0.00001
B*44:25,0
B*44:29,0.00003
B*44:32,0
B*44:34,0
B*44:36,0
B*44:37,0
B*44:40,0
B*44:41,0
B*44:43,0
B*44:53,0
B*44:54,0
B*44:55,0
B*44:59,0
B*44:62,0
B*44:63,0
B*44:64,0
B*44:74,0
B*44:76,0
B*44:79,0
B*44:92,0
B*44:96,0
B*45:01,0.00589
B*45:02,0
B*45:03,0
B*45:04,0
B*46:01,0.00008
B*47:01,0.00269
B*47:02,0.00001
B*47:03,0
B*47:06,0
B*48:01,0.0007
B*48:02,0.00001
B*48:03,0
B*48:04,0
B*48:07,0
B*48:13,0
B*48:24,0
B*49:01,0.016
B*49:02,0
B*50:01,0.011
B*50:02,0.00042
B*50:04,0
B*51:01,0.047
B*51:02,0.00007
B*51:03,0
B*51:04,0
B*51:05,0.00025
B*51:06,0.00002
B*51:07,0.00049
B*51:08,0.00118
B*51:09,0.00051
B*51:13,0
B*51:14,0
B*51:16,0
B*51:19,0
B*51:20,0
B*51:21,0
B*51:22,0.00001
B*51:23,0
B*51:24,0
B*51:29,0
B*51:34,0.00001
B*51:36,0
B*51:37,0
B*51:38,0
B*51:40,0
B*51:42,0
B*51:43,0.00001
B*51:49,0
B*51:50,0
B*51:53,0
B*51:55,0
B*51:56,0
B*51:61,0
B*51:65,0
B*51:67,0
B*51:72,0
B*51:79,0
B*51:88,0
B*51:90,0
B*51:91,0
B*51:95,0
B*52:01,0.00886
B*52:02,0
B*52:04,0
B*52:06,0
B*52:10,0
B*52:11,0
B*53:01,0.00339
B*53:03,0
B*53:04,0
B*53:05,0.00001
B*53:06,0
B*53:07,0
B*53:12,0
B*53:13,0
B*53:22,0
B*54:01,0.00004
B*55:01,0.019
B*55:02,0.00003
B*55:05,0
B*55:07,0
B*55:09,0
B*55:11,0
B*55:17,0
B*55:23,0
B*55:24,0
B*55:25,0
B*55:28,0
B*55:29,0
B*55:31,0
B*56:01,0.00643
B*56:02,0
B*56:03,0
B*56:11,0
B*56:13,0
B*56:15,0
B*56:16,0
B*56:17,0
B*57:01,0.036
B*57:02,0.00029
B*57:03,0.0007
B*57:04,0
B*57:08,0
B*57:11,0
B*57:14,0
B*57:15,0
B*57:16,0
B*57:24,0
B*57:26,0
B*57:30,0
B*57:34,0
B*58:01,0.00726
B*58:02,0.00015
B*58:04,0
B*58:05,0
B*58:08,0
B*58:19,0
B*58:29,0
B*58:32,0
B*59:01,0
B*67:01,0.00007
B*73:01,0.0004
B*78:01,0.00002
B*78:02,0.00004
B*78:03,0
B*78:04,0
B*78:05,0
B*81:01,0.00008
B*82:01,0
B*83:01,0